iso3,country,disagg.value,adult_obesity_1999,adult_obesity_2000,adult_obesity_2001,adult_obesity_2002,adult_obesity_2003,adult_obesity_2004,adult_obesity_2005,adult_obesity_2006,adult_obesity_2007,adult_obesity_2008,adult_obesity_2009,adult_obesity_2010,adult_obesity_2011,adult_obesity_2012,adult_obesity_2013,adult_obesity_2014,adult_obesity_2015,adult_obesity_2016
AFG,Afghanistan,Female,3.22,3.39,3.58,3.78,3.99,4.20,4.43,4.66,4.91,5.16,5.43,5.71,6.00,6.31,6.62,6.95,7.29,7.65
AFG,Afghanistan,Male,1.10,1.17,1.25,1.34,1.43,1.52,1.62,1.73,1.84,1.96,2.09,2.22,2.36,2.52,2.68,2.85,3.03,3.22
AGO,Angola,Female,5.34,5.63,5.94,6.25,6.58,6.93,7.29,7.66,8.04,8.44,8.85,9.27,9.70,10.15,10.61,11.09,11.57,12.07
AGO,Angola,Male,1.32,1.41,1.51,1.62,1.73,1.85,1.98,2.12,2.26,2.42,2.58,2.76,2.94,3.14,3.34,3.56,3.80,4.05
ALB,Albania,Female,14.34,14.67,15.02,15.40,15.79,16.20,16.62,17.06,17.51,17.98,18.45,18.92,19.40,19.88,20.36,20.84,21.33,21.80
ALB,Albania,Male,11.21,11.65,12.13,12.63,13.15,13.70,14.27,14.86,15.47,16.11,16.75,17.42,18.09,18.77,19.46,20.16,20.86,21.57
AND,Andorra,Female,23.61,23.76,23.89,24.02,24.14,24.25,24.36,24.46,24.55,24.64,24.72,24.80,24.89,24.97,25.05,25.14,25.24,25.34
AND,Andorra,Male,20.22,20.58,20.93,21.28,21.62,21.95,22.29,22.61,22.94,23.26,23.57,23.89,24.21,24.52,24.85,25.17,25.51,25.86
ARE,United Arab Emirates,Female,32.22,32.68,33.16,33.66,34.17,34.68,35.21,35.73,36.25,36.78,37.32,37.85,38.39,38.92,39.45,39.98,40.51,41.04
ARE,United Arab Emirates,Male,17.18,17.66,18.17,18.70,19.25,19.81,20.39,20.98,21.58,22.20,22.83,23.47,24.12,24.78,25.44,26.12,26.81,27.51
ARG,Argentina,Female,21.75,22.14,22.54,22.94,23.34,23.75,24.16,24.58,25.00,25.43,25.86,26.29,26.73,27.17,27.62,28.06,28.51,28.97
ARG,Argentina,Male,18.63,19.09,19.56,20.04,20.52,21.01,21.51,22.01,22.52,23.03,23.55,24.08,24.61,25.14,25.68,26.23,26.78,27.34
ARM,Armenia,Female,16.48,16.76,17.05,17.37,17.69,18.04,18.39,18.77,19.15,19.54,19.95,20.36,20.78,21.22,21.66,22.10,22.56,23.03
ARM,Armenia,Male,10.59,10.86,11.15,11.46,11.77,12.11,12.45,12.81,13.19,13.57,13.97,14.38,14.80,15.23,15.67,16.12,16.58,17.07
ATG,Antigua and Barbuda,Female,17.78,18.20,18.63,19.06,19.49,19.93,20.37,20.81,21.26,21.72,22.19,22.67,23.17,23.68,24.21,24.75,25.31,25.90
ATG,Antigua and Barbuda,Male,6.60,6.85,7.09,7.34,7.59,7.84,8.10,8.36,8.63,8.90,9.19,9.48,9.79,10.12,10.47,10.83,11.21,11.62
AUS,Australia,Female,19.95,20.45,20.96,21.47,21.98,22.48,22.98,23.47,23.96,24.45,24.94,25.42,25.91,26.39,26.89,27.38,27.88,28.38
AUS,Australia,Male,19.32,19.90,20.49,21.08,21.67,22.27,22.86,23.45,24.04,24.64,25.23,25.83,26.44,27.04,27.66,28.28,28.92,29.56
AUT,Austria,Female,13.21,13.50,13.79,14.08,14.37,14.66,14.95,15.24,15.54,15.83,16.13,16.43,16.73,17.03,17.35,17.66,17.98,18.32
AUT,Austria,Male,13.92,14.34,14.76,15.19,15.63,16.07,16.51,16.96,17.41,17.87,18.34,18.81,19.29,19.78,20.28,20.80,21.32,21.86
AZE,Azerbaijan,Female,15.24,15.57,15.94,16.33,16.74,17.17,17.62,18.09,18.58,19.09,19.60,20.14,20.68,21.24,21.80,22.38,22.97,23.57
AZE,Azerbaijan,Male,8.69,8.96,9.24,9.55,9.88,10.23,10.60,10.99,11.40,11.82,12.27,12.73,13.20,13.69,14.20,14.73,15.28,15.84
BDI,Burundi,Female,3.58,3.78,3.99,4.21,4.44,4.68,4.93,5.20,5.47,5.76,6.07,6.38,6.71,7.06,7.42,7.80,8.20,8.61
BDI,Burundi,Male,0.79,0.84,0.89,0.94,1.00,1.06,1.12,1.18,1.25,1.32,1.40,1.48,1.57,1.66,1.76,1.87,1.98,2.10
BEL,Belgium,Female,17.32,17.55,17.78,18.00,18.22,18.44,18.66,18.87,19.08,19.28,19.49,19.69,19.90,20.10,20.31,20.52,20.74,20.96
BEL,Belgium,Male,15.93,16.32,16.72,17.11,17.51,17.92,18.32,18.73,19.14,19.56,19.98,20.40,20.83,21.27,21.71,22.16,22.63,23.10
BEN,Benin,Female,7.19,7.52,7.86,8.20,8.56,8.93,9.32,9.71,10.11,10.52,10.94,11.37,11.81,12.26,12.73,13.20,13.69,14.20
BEN,Benin,Male,1.95,2.06,2.18,2.30,2.42,2.55,2.69,2.83,2.98,3.13,3.30,3.46,3.64,3.83,4.03,4.24,4.46,4.70
BFA,Burkina Faso,Female,2.97,3.15,3.35,3.56,3.79,4.04,4.29,4.57,4.85,5.16,5.47,5.80,6.15,6.51,6.89,7.28,7.69,8.11
BFA,Burkina Faso,Male,0.78,0.83,0.89,0.96,1.03,1.11,1.19,1.28,1.37,1.47,1.58,1.70,1.82,1.95,2.10,2.25,2.41,2.59
BGD,Bangladesh,Female,1.87,1.98,2.10,2.22,2.36,2.50,2.65,2.81,2.99,3.17,3.36,3.56,3.76,3.98,4.21,4.45,4.70,4.95
BGD,Bangladesh,Male,0.66,0.71,0.76,0.81,0.88,0.94,1.01,1.09,1.18,1.27,1.36,1.47,1.58,1.70,1.83,1.96,2.11,2.27
BGR,Bulgaria,Female,19.60,19.82,20.05,20.28,20.53,20.79,21.05,21.32,21.60,21.89,22.18,22.47,22.77,23.06,23.37,23.67,23.98,24.29
BGR,Bulgaria,Male,16.69,17.13,17.58,18.05,18.53,19.02,19.52,20.03,20.55,21.08,21.61,22.15,22.69,23.24,23.80,24.36,24.92,25.50
BHR,Bahrain,Female,30.41,30.74,31.07,31.41,31.75,32.10,32.45,32.80,33.17,33.55,33.94,34.33,34.73,35.14,35.56,35.98,36.41,36.84
BHR,Bahrain,Male,17.14,17.55,17.97,18.39,18.82,19.26,19.71,20.17,20.65,21.14,21.64,22.16,22.69,23.24,23.79,24.37,24.95,25.54
BHS,Bahamas,Female,30.45,30.92,31.38,31.84,32.29,32.74,33.18,33.62,34.06,34.50,34.94,35.38,35.82,36.26,36.71,37.16,37.62,38.08
BHS,Bahamas,Male,15.41,15.89,16.38,16.87,17.36,17.86,18.36,18.86,19.38,19.90,20.42,20.95,21.50,22.06,22.63,23.22,23.81,24.43
BIH,Bosnia and Herzegovina,Female,13.82,14.04,14.26,14.49,14.72,14.96,15.21,15.46,15.72,15.99,16.26,16.54,16.83,17.13,17.45,17.77,18.10,18.44
BIH,Bosnia and Herzegovina,Male,10.49,10.81,11.15,11.49,11.83,12.19,12.55,12.92,13.30,13.68,14.08,14.48,14.89,15.31,15.75,16.20,16.67,17.15
BLR,Belarus,Female,22.18,22.41,22.65,22.89,23.14,23.39,23.64,23.88,24.13,24.38,24.62,24.86,25.10,25.33,25.57,25.80,26.04,26.27
BLR,Belarus,Male,13.88,14.31,14.75,15.20,15.66,16.13,16.60,17.09,17.58,18.07,18.56,19.05,19.55,20.05,20.56,21.07,21.59,22.11
BLZ,Belize,Female,22.46,23.00,23.52,24.04,24.56,25.07,25.57,26.08,26.59,27.10,27.61,28.13,28.67,29.21,29.76,30.33,30.90,31.49
BLZ,Belize,Male,9.34,9.71,10.08,10.45,10.83,11.21,11.59,11.97,12.36,12.76,13.18,13.60,14.03,14.49,14.96,15.45,15.96,16.49
BOL,Bolivia (Plurinational State of),Female,17.30,17.76,18.23,18.69,19.15,19.62,20.10,20.57,21.05,21.54,22.02,22.52,23.01,23.51,24.02,24.53,25.04,25.56
BOL,Bolivia (Plurinational State of),Male,7.89,8.22,8.55,8.89,9.23,9.58,9.94,10.31,10.68,11.07,11.46,11.87,12.28,12.71,13.14,13.59,14.05,14.52
BRA,Brazil,Female,17.25,17.75,18.24,18.72,19.19,19.66,20.13,20.59,21.06,21.53,22.00,22.47,22.95,23.43,23.91,24.41,24.90,25.40
BRA,Brazil,Male,10.54,10.99,11.44,11.88,12.33,12.77,13.22,13.67,14.12,14.58,15.04,15.51,15.99,16.47,16.96,17.47,17.99,18.51
BRB,Barbados,Female,21.13,21.72,22.31,22.90,23.48,24.05,24.63,25.21,25.79,26.37,26.96,27.56,28.17,28.78,29.41,30.04,30.68,31.34
BRB,Barbados,Male,7.72,8.07,8.41,8.77,9.12,9.49,9.85,10.23,10.61,11.01,11.41,11.83,12.27,12.72,13.18,13.67,14.17,14.70
BRN,Brunei Darussalam,Female,8.80,9.13,9.48,9.83,10.19,10.56,10.95,11.34,11.74,12.15,12.57,12.99,13.43,13.87,14.33,14.79,15.26,15.75
BRN,Brunei Darussalam,Male,4.99,5.30,5.62,5.95,6.31,6.68,7.07,7.47,7.89,8.33,8.79,9.27,9.76,10.27,10.80,11.35,11.92,12.51
BTN,Bhutan,Female,3.33,3.55,3.79,4.04,4.31,4.58,4.87,5.17,5.47,5.78,6.09,6.41,6.74,7.08,7.42,7.77,8.13,8.50
BTN,Bhutan,Male,1.38,1.50,1.63,1.77,1.92,2.08,2.25,2.43,2.62,2.81,3.02,3.23,3.45,3.68,3.92,4.17,4.44,4.71
BWA,Botswana,Female,20.63,21.28,21.89,22.47,23.03,23.57,24.09,24.60,25.09,25.58,26.05,26.52,26.99,27.45,27.92,28.39,28.86,29.33
BWA,Botswana,Male,3.66,3.91,4.15,4.39,4.63,4.87,5.11,5.36,5.60,5.85,6.11,6.37,6.63,6.91,7.20,7.50,7.82,8.15
CAF,Central African Republic,Female,5.68,5.91,6.14,6.38,6.64,6.90,7.17,7.45,7.74,8.04,8.36,8.68,9.02,9.37,9.74,10.12,10.51,10.92
CAF,Central African Republic,Male,1.59,1.67,1.75,1.84,1.93,2.03,2.13,2.24,2.35,2.47,2.59,2.72,2.86,3.01,3.16,3.33,3.51,3.70
CAN,Canada,Female,20.38,20.94,21.49,22.03,22.56,23.09,23.61,24.13,24.64,25.15,25.66,26.18,26.69,27.21,27.73,28.26,28.79,29.33
CAN,Canada,Male,19.28,19.90,20.51,21.12,21.72,22.32,22.91,23.49,24.08,24.66,25.24,25.83,26.42,27.01,27.61,28.22,28.83,29.46
CHE,Switzerland,Female,12.61,12.85,13.09,13.33,13.57,13.81,14.06,14.30,14.54,14.79,15.04,15.29,15.54,15.79,16.05,16.31,16.58,16.86
CHE,Switzerland,Male,14.42,14.83,15.24,15.65,16.07,16.50,16.94,17.38,17.82,18.28,18.74,19.20,19.67,20.16,20.65,21.15,21.67,22.19
CHL,Chile,Female,23.35,23.78,24.22,24.66,25.10,25.54,25.98,26.43,26.87,27.32,27.77,28.22,28.67,29.12,29.58,30.03,30.49,30.95
CHL,Chile,Male,16.67,17.13,17.58,18.04,18.50,18.97,19.43,19.91,20.38,20.86,21.35,21.83,22.33,22.82,23.32,23.83,24.35,24.87
CHN,China,Female,2.80,2.95,3.11,3.28,3.46,3.64,3.84,4.05,4.26,4.49,4.72,4.96,5.20,5.45,5.71,5.97,6.25,6.52
CHN,China,Male,1.64,1.77,1.92,2.08,2.25,2.44,2.64,2.85,3.08,3.33,3.59,3.86,4.15,4.46,4.78,5.13,5.49,5.87
CIV,Côte d’Ivoire,Female,7.77,8.11,8.45,8.82,9.20,9.59,10.00,10.42,10.85,11.29,11.74,12.21,12.68,13.16,13.65,14.15,14.66,15.18
CIV,Côte d’Ivoire,Male,2.25,2.37,2.51,2.66,2.81,2.98,3.15,3.34,3.53,3.74,3.95,4.18,4.42,4.67,4.93,5.21,5.51,5.81
CMR,Cameroon,Female,8.50,8.88,9.28,9.70,10.12,10.56,11.01,11.46,11.93,12.40,12.88,13.37,13.86,14.36,14.87,15.39,15.91,16.45
CMR,Cameroon,Male,2.45,2.60,2.76,2.92,3.10,3.27,3.46,3.66,3.86,4.07,4.29,4.51,4.75,5.00,5.26,5.53,5.81,6.11
COD,Democratic Republic of the Congo,Female,4.41,4.63,4.87,5.11,5.36,5.63,5.90,6.19,6.48,6.79,7.11,7.44,7.78,8.13,8.50,8.87,9.26,9.67
COD,Democratic Republic of the Congo,Male,1.29,1.37,1.46,1.55,1.65,1.75,1.86,1.97,2.10,2.22,2.36,2.50,2.66,2.82,2.99,3.17,3.37,3.57
COG,Congo,Female,7.53,7.82,8.11,8.42,8.73,9.05,9.38,9.72,10.06,10.41,10.77,11.13,11.51,11.89,12.28,12.68,13.08,13.50
COG,Congo,Male,2.24,2.37,2.50,2.64,2.79,2.95,3.11,3.28,3.46,3.65,3.85,4.05,4.27,4.49,4.73,4.98,5.24,5.52
COL,Colombia,Female,19.10,19.51,19.93,20.35,20.77,21.20,21.63,22.06,22.49,22.93,23.38,23.82,24.28,24.74,25.20,25.67,26.15,26.63
COL,Colombia,Male,10.31,10.68,11.06,11.45,11.84,12.23,12.64,13.04,13.46,13.88,14.31,14.75,15.19,15.65,16.11,16.59,17.08,17.58
COM,Comoros,Female,6.27,6.53,6.79,7.06,7.34,7.63,7.94,8.25,8.58,8.92,9.27,9.64,10.02,10.42,10.83,11.26,11.71,12.17
COM,Comoros,Male,1.56,1.63,1.70,1.78,1.86,1.94,2.02,2.11,2.20,2.30,2.40,2.51,2.62,2.74,2.87,3.00,3.14,3.30
CPV,Cabo Verde,Female,8.55,8.96,9.37,9.80,10.23,10.67,11.11,11.56,12.02,12.48,12.94,13.41,13.89,14.37,14.85,15.34,15.83,16.32
CPV,Cabo Verde,Male,2.67,2.85,3.04,3.23,3.43,3.64,3.86,4.09,4.33,4.57,4.83,5.09,5.36,5.64,5.93,6.24,6.56,6.89
CRI,Costa Rica,Female,18.53,19.14,19.79,20.45,21.13,21.83,22.55,23.27,23.99,24.72,25.45,26.18,26.89,27.60,28.30,29.00,29.69,30.36
CRI,Costa Rica,Male,10.04,10.53,11.05,11.60,12.17,12.77,13.39,14.03,14.68,15.35,16.04,16.73,17.44,18.15,18.86,19.59,20.33,21.06
CUB,Cuba,Female,22.92,23.35,23.77,24.20,24.63,25.06,25.49,25.92,26.35,26.78,27.21,27.65,28.09,28.53,28.98,29.43,29.89,30.35
CUB,Cuba,Male,10.87,11.26,11.66,12.07,12.49,12.92,13.36,13.81,14.27,14.74,15.21,15.70,16.21,16.72,17.25,17.80,18.36,18.94
CYP,Cyprus,Female,17.41,17.71,18.00,18.28,18.54,18.80,19.06,19.30,19.54,19.77,20.00,20.23,20.45,20.68,20.91,21.14,21.38,21.63
CYP,Cyprus,Male,14.62,15.05,15.48,15.90,16.32,16.74,17.15,17.57,17.98,18.39,18.80,19.22,19.64,20.06,20.49,20.93,21.39,21.85
CZE,Czechia,Female,22.15,22.28,22.41,22.56,22.72,22.88,23.06,23.24,23.43,23.63,23.84,24.05,24.26,24.49,24.72,24.95,25.19,25.44
CZE,Czechia,Male,19.03,19.40,19.78,20.16,20.56,20.97,21.38,21.80,22.23,22.66,23.11,23.55,24.01,24.47,24.94,25.41,25.89,26.39
DEU,Germany,Female,15.52,15.79,16.07,16.35,16.62,16.90,17.18,17.46,17.74,18.03,18.31,18.60,18.89,19.19,19.49,19.79,20.10,20.41
DEU,Germany,Male,16.09,16.52,16.96,17.39,17.84,18.29,18.74,19.19,19.65,20.12,20.59,21.07,21.56,22.06,22.56,23.08,23.61,24.15
DJI,Djibouti,Female,13.06,13.32,13.58,13.86,14.13,14.42,14.71,15.01,15.31,15.62,15.93,16.25,16.58,16.91,17.25,17.60,17.96,18.32
DJI,Djibouti,Male,5.02,5.19,5.36,5.53,5.71,5.90,6.09,6.28,6.48,6.69,6.90,7.11,7.34,7.57,7.81,8.07,8.33,8.61
DMA,Dominica,Female,26.23,26.75,27.27,27.79,28.32,28.85,29.39,29.93,30.49,31.04,31.60,32.17,32.73,33.30,33.87,34.43,35.00,35.57
DMA,Dominica,Male,11.27,11.67,12.09,12.51,12.95,13.40,13.86,14.34,14.83,15.34,15.87,16.41,16.96,17.53,18.11,18.71,19.32,19.95
DNK,Denmark,Female,12.98,13.20,13.43,13.65,13.88,14.11,14.35,14.58,14.81,15.04,15.27,15.51,15.74,15.98,16.22,16.46,16.71,16.96
DNK,Denmark,Male,14.38,14.78,15.20,15.63,16.06,16.50,16.94,17.40,17.85,18.32,18.79,19.27,19.76,20.25,20.75,21.27,21.79,22.33
DOM,Dominican Republic,Female,21.57,22.21,22.89,23.58,24.30,25.03,25.77,26.53,27.29,28.07,28.85,29.63,30.41,31.17,31.92,32.66,33.39,34.10
DOM,Dominican Republic,Male,9.41,9.89,10.39,10.93,11.50,12.09,12.71,13.36,14.04,14.74,15.47,16.23,16.99,17.77,18.56,19.36,20.18,20.99
DZA,Algeria,Female,23.62,24.25,24.89,25.53,26.18,26.84,27.49,28.15,28.82,29.49,30.17,30.85,31.53,32.21,32.88,33.56,34.23,34.90
DZA,Algeria,Male,9.87,10.33,10.80,11.29,11.79,12.32,12.86,13.42,13.99,14.59,15.20,15.83,16.47,17.13,17.80,18.49,19.19,19.91
ECU,Ecuador,Female,17.08,17.52,17.96,18.40,18.84,19.28,19.72,20.16,20.59,21.03,21.47,21.91,22.36,22.82,23.27,23.74,24.21,24.69
ECU,Ecuador,Male,8.43,8.77,9.11,9.45,9.80,10.15,10.51,10.87,11.23,11.60,11.97,12.36,12.75,13.15,13.57,13.99,14.43,14.89
EGY,Egypt,Female,29.99,30.58,31.17,31.79,32.41,33.04,33.67,34.31,34.96,35.62,36.29,36.97,37.64,38.33,39.02,39.71,40.40,41.11
EGY,Egypt,Male,13.02,13.46,13.92,14.39,14.88,15.38,15.90,16.44,16.99,17.55,18.14,18.74,19.35,19.99,20.64,21.30,21.99,22.70
ERI,Eritrea,Female,3.26,3.43,3.60,3.79,3.98,4.19,4.40,4.63,4.86,5.11,5.37,5.64,5.93,6.23,6.54,6.87,7.21,7.56
ERI,Eritrea,Male,0.79,0.83,0.88,0.93,0.98,1.04,1.10,1.16,1.22,1.29,1.37,1.44,1.53,1.62,1.71,1.81,1.92,2.04
ESP,Spain,Female,18.85,19.09,19.34,19.59,19.83,20.07,20.31,20.54,20.77,20.99,21.22,21.44,21.65,21.87,22.09,22.31,22.53,22.75
ESP,Spain,Male,16.87,17.29,17.72,18.15,18.59,19.03,19.47,19.92,20.37,20.82,21.28,21.73,22.19,22.66,23.13,23.60,24.08,24.57
EST,Estonia,Female,19.57,19.64,19.73,19.82,19.93,20.04,20.15,20.27,20.40,20.53,20.67,20.81,20.95,21.10,21.26,21.42,21.59,21.76
EST,Estonia,Male,14.00,14.31,14.64,14.97,15.31,15.66,16.02,16.39,16.76,17.13,17.51,17.89,18.27,18.67,19.06,19.47,19.89,20.31
ETH,Ethiopia,Female,2.91,3.07,3.23,3.40,3.58,3.76,3.96,4.17,4.38,4.61,4.85,5.11,5.37,5.65,5.95,6.26,6.58,6.92
ETH,Ethiopia,Male,0.72,0.77,0.81,0.86,0.90,0.95,1.01,1.06,1.12,1.19,1.25,1.33,1.40,1.49,1.58,1.68,1.78,1.89
FIN,Finland,Female,15.81,16.12,16.43,16.72,17.01,17.30,17.58,17.85,18.13,18.40,18.66,18.93,19.20,19.47,19.74,20.02,20.30,20.58
FIN,Finland,Male,15.94,16.39,16.84,17.29,17.73,18.18,18.62,19.06,19.51,19.95,20.40,20.85,21.31,21.77,22.25,22.73,23.22,23.72
FJI,Fiji,Female,25.88,26.48,27.06,27.63,28.19,28.75,29.30,29.84,30.39,30.93,31.48,32.02,32.56,33.10,33.64,34.18,34.72,35.25
FJI,Fiji,Male,14.85,15.39,15.93,16.48,17.03,17.59,18.15,18.73,19.31,19.90,20.50,21.12,21.74,22.38,23.03,23.69,24.37,25.05
FRA,France,Female,16.42,16.70,16.98,17.26,17.54,17.82,18.10,18.38,18.65,18.92,19.19,19.46,19.72,19.99,20.26,20.53,20.81,21.08
FRA,France,Male,14.39,14.80,15.22,15.64,16.06,16.49,16.92,17.36,17.80,18.25,18.70,19.15,19.61,20.08,20.55,21.03,21.52,22.02
FSM,Micronesia (Federated States of),Female,40.91,41.46,42.03,42.62,43.22,43.84,44.47,45.10,45.75,46.40,47.05,47.70,48.34,48.98,49.62,50.25,50.87,51.49
FSM,Micronesia (Federated States of),Male,27.17,27.76,28.38,29.04,29.71,30.42,31.15,31.91,32.69,33.49,34.29,35.11,35.93,36.76,37.60,38.44,39.28,40.13
GAB,Gabon,Female,13.00,13.47,13.93,14.39,14.84,15.29,15.73,16.17,16.60,17.02,17.44,17.86,18.27,18.68,19.09,19.50,19.91,20.31
GAB,Gabon,Male,4.43,4.69,4.97,5.24,5.52,5.81,6.10,6.39,6.69,6.99,7.30,7.61,7.93,8.25,8.58,8.92,9.27,9.62
GBR,United Kingdom of Great Britain and Northern Ireland,Female,19.64,20.14,20.65,21.17,21.69,22.22,22.75,23.28,23.81,24.35,24.88,25.42,25.95,26.48,27.02,27.56,28.10,28.65
GBR,United Kingdom of Great Britain and Northern Ireland,Male,16.53,17.06,17.61,18.18,18.75,19.34,19.93,20.53,21.14,21.75,22.37,23.00,23.63,24.26,24.90,25.55,26.21,26.87
GEO,Georgia,Female,15.52,15.85,16.21,16.58,16.98,17.39,17.82,18.28,18.75,19.24,19.75,20.28,20.82,21.38,21.96,22.55,23.15,23.76
GEO,Georgia,Male,10.81,11.13,11.48,11.84,12.22,12.62,13.04,13.49,13.96,14.46,14.97,15.51,16.07,16.65,17.25,17.88,18.53,19.20
GHA,Ghana,Female,8.60,9.02,9.45,9.88,10.33,10.78,11.24,11.70,12.17,12.64,13.12,13.60,14.09,14.58,15.08,15.59,16.10,16.62
GHA,Ghana,Male,1.74,1.86,1.98,2.11,2.25,2.39,2.53,2.68,2.84,3.00,3.16,3.34,3.52,3.70,3.90,4.10,4.32,4.55
GIN,Guinea,Female,5.49,5.75,6.02,6.30,6.60,6.90,7.22,7.55,7.88,8.23,8.60,8.97,9.35,9.75,10.16,10.59,11.03,11.48
GIN,Guinea,Male,1.46,1.54,1.63,1.72,1.82,1.93,2.04,2.15,2.27,2.40,2.53,2.67,2.82,2.98,3.14,3.32,3.51,3.71
GMB,Gambia,Female,7.19,7.58,7.97,8.37,8.78,9.21,9.64,10.08,10.53,10.98,11.44,11.91,12.38,12.85,13.33,13.82,14.31,14.81
GMB,Gambia,Male,1.99,2.13,2.28,2.44,2.61,2.79,2.98,3.17,3.37,3.58,3.80,4.03,4.27,4.52,4.78,5.05,5.34,5.63
GNB,Guinea-Bissau,Female,6.25,6.60,6.96,7.33,7.72,8.11,8.52,8.94,9.37,9.81,10.26,10.72,11.18,11.66,12.15,12.64,13.15,13.66
GNB,Guinea-Bissau,Male,1.71,1.83,1.96,2.10,2.25,2.40,2.57,2.74,2.92,3.11,3.31,3.52,3.74,3.97,4.21,4.47,4.74,5.03
GNQ,Equatorial Guinea,Female,6.76,7.04,7.32,7.61,7.89,8.19,8.49,8.80,9.12,9.46,9.81,10.17,10.54,10.93,11.33,11.74,12.17,12.61
GNQ,Equatorial Guinea,Male,1.68,1.77,1.86,1.95,2.04,2.14,2.24,2.35,2.46,2.58,2.70,2.83,2.97,3.11,3.26,3.43,3.60,3.78
GRC,Greece,Female,20.50,20.79,21.09,21.38,21.68,21.98,22.28,22.58,22.88,23.17,23.46,23.75,24.03,24.31,24.59,24.86,25.14,25.41
GRC,Greece,Male,15.62,16.04,16.48,16.93,17.40,17.87,18.35,18.84,19.34,19.85,20.37,20.89,21.42,21.95,22.50,23.05,23.61,24.18
GRD,Grenada,Female,18.71,19.30,19.89,20.48,21.07,21.66,22.24,22.83,23.42,24.02,24.62,25.23,25.84,26.47,27.10,27.74,28.39,29.05
GRD,Grenada,Male,6.73,7.05,7.38,7.72,8.06,8.41,8.77,9.13,9.49,9.87,10.25,10.65,11.06,11.48,11.92,12.38,12.85,13.35
GTM,Guatemala,Female,16.79,17.30,17.81,18.34,18.87,19.41,19.96,20.51,21.07,21.64,22.22,22.80,23.38,23.98,24.58,25.19,25.81,26.44
GTM,Guatemala,Male,7.83,8.17,8.53,8.89,9.26,9.64,10.04,10.44,10.84,11.26,11.69,12.13,12.59,13.06,13.54,14.03,14.55,15.08
GUY,Guyana,Female,17.05,17.55,18.06,18.58,19.11,19.65,20.20,20.77,21.34,21.93,22.53,23.13,23.76,24.40,25.05,25.72,26.40,27.09
GUY,Guyana,Male,6.06,6.33,6.61,6.91,7.22,7.54,7.87,8.22,8.58,8.96,9.35,9.76,10.19,10.65,11.12,11.62,12.14,12.69
HND,Honduras,Female,16.47,17.01,17.56,18.12,18.69,19.27,19.86,20.46,21.07,21.69,22.31,22.95,23.59,24.24,24.89,25.55,26.21,26.88
HND,Honduras,Male,7.70,8.07,8.45,8.84,9.24,9.66,10.08,10.53,10.98,11.45,11.93,12.42,12.92,13.44,13.97,14.51,15.07,15.64
HRV,Croatia,Female,18.75,19.02,19.29,19.58,19.87,20.17,20.49,20.81,21.14,21.49,21.84,22.20,22.56,22.94,23.32,23.72,24.11,24.52
HRV,Croatia,Male,15.25,15.68,16.13,16.59,17.06,17.54,18.03,18.53,19.04,19.56,20.10,20.64,21.19,21.75,22.33,22.91,23.51,24.12
HTI,Haiti,Female,14.03,14.59,15.20,15.85,16.54,17.27,18.02,18.81,19.61,20.43,21.26,22.09,22.91,23.73,24.54,25.34,26.13,26.91
HTI,Haiti,Male,6.49,6.87,7.29,7.76,8.27,8.82,9.41,10.05,10.72,11.43,12.17,12.94,13.73,14.54,15.36,16.21,17.07,17.94
HUN,Hungary,Female,19.67,19.83,20.02,20.23,20.46,20.71,20.97,21.26,21.57,21.89,22.21,22.55,22.89,23.23,23.57,23.92,24.27,24.62
HUN,Hungary,Male,18.65,19.06,19.49,19.96,20.44,20.95,21.48,22.03,22.60,23.18,23.78,24.39,25.01,25.63,26.25,26.89,27.53,28.17
IDN,Indonesia,Female,3.52,3.76,4.01,4.27,4.54,4.81,5.09,5.39,5.69,5.99,6.32,6.65,6.99,7.35,7.71,8.09,8.49,8.89
IDN,Indonesia,Male,1.20,1.32,1.45,1.59,1.74,1.89,2.06,2.24,2.43,2.63,2.84,3.07,3.31,3.57,3.85,4.14,4.45,4.78
IND,India,Female,2.19,2.31,2.43,2.55,2.69,2.83,2.97,3.12,3.28,3.45,3.62,3.80,3.99,4.18,4.39,4.61,4.83,5.06
IND,India,Male,0.91,0.97,1.04,1.11,1.18,1.26,1.35,1.44,1.54,1.64,1.75,1.87,1.99,2.12,2.27,2.42,2.58,2.75
IRL,Ireland,Female,15.93,16.45,16.98,17.51,18.06,18.60,19.16,19.71,20.27,20.84,21.40,21.97,22.55,23.13,23.72,24.31,24.91,25.53
IRL,Ireland,Male,14.86,15.39,15.93,16.48,17.04,17.61,18.18,18.76,19.35,19.95,20.55,21.17,21.79,22.41,23.06,23.71,24.38,25.06
IRN,Iran (Islamic Republic of),Female,22.41,22.98,23.55,24.12,24.69,25.27,25.85,26.42,27.00,27.58,28.16,28.75,29.33,29.91,30.50,31.08,31.67,32.25
IRN,Iran (Islamic Republic of),Male,9.90,10.35,10.80,11.27,11.76,12.25,12.77,13.29,13.83,14.38,14.94,15.52,16.11,16.72,17.34,17.97,18.62,19.27
IRQ,Iraq,Female,28.71,29.10,29.50,29.93,30.36,30.81,31.27,31.73,32.22,32.71,33.21,33.73,34.25,34.79,35.33,35.88,36.44,37.00
IRQ,Iraq,Male,14.58,14.97,15.37,15.79,16.23,16.68,17.15,17.64,18.14,18.66,19.20,19.75,20.32,20.91,21.51,22.13,22.77,23.43
ISL,Iceland,Female,15.44,15.69,15.95,16.20,16.44,16.68,16.92,17.15,17.38,17.61,17.83,18.05,18.27,18.50,18.72,18.95,19.18,19.41
ISL,Iceland,Male,15.90,16.36,16.81,17.27,17.74,18.21,18.68,19.15,19.63,20.11,20.59,21.08,21.58,22.08,22.60,23.13,23.66,24.21
ISR,Israel,Female,22.83,23.06,23.30,23.52,23.74,23.95,24.16,24.36,24.56,24.75,24.94,25.12,25.31,25.50,25.68,25.87,26.06,26.25
ISR,Israel,Male,18.43,18.85,19.27,19.69,20.11,20.54,20.97,21.40,21.83,22.26,22.70,23.14,23.58,24.03,24.48,24.94,25.41,25.89
ITA,Italy,Female,15.61,15.86,16.11,16.35,16.59,16.83,17.07,17.30,17.53,17.76,17.99,18.21,18.43,18.65,18.87,19.09,19.31,19.54
ITA,Italy,Male,13.64,14.01,14.38,14.75,15.12,15.50,15.88,16.25,16.63,17.01,17.39,17.78,18.16,18.54,18.93,19.33,19.73,20.13
JAM,Jamaica,Female,23.12,23.71,24.29,24.89,25.48,26.08,26.68,27.28,27.88,28.48,29.09,29.70,30.31,30.93,31.55,32.18,32.81,33.45
JAM,Jamaica,Male,7.49,7.84,8.20,8.57,8.95,9.35,9.76,10.18,10.62,11.07,11.53,12.01,12.51,13.02,13.56,14.11,14.69,15.29
JOR,Jordan,Female,34.39,34.93,35.45,35.96,36.46,36.96,37.45,37.94,38.44,38.95,39.45,39.97,40.48,41.00,41.51,42.03,42.55,43.06
JOR,Jordan,Male,17.92,18.47,19.02,19.56,20.11,20.66,21.22,21.79,22.38,22.97,23.59,24.21,24.85,25.49,26.15,26.82,27.49,28.18
JPN,Japan,Female,2.20,2.25,2.31,2.38,2.45,2.54,2.64,2.74,2.84,2.94,3.04,3.14,3.24,3.33,3.42,3.51,3.60,3.68
JPN,Japan,Male,1.78,1.86,1.96,2.08,2.21,2.36,2.52,2.69,2.88,3.07,3.27,3.48,3.69,3.90,4.12,4.34,4.57,4.80
KAZ,Kazakhstan,Female,15.39,15.75,16.11,16.48,16.85,17.24,17.63,18.03,18.44,18.86,19.29,19.73,20.19,20.66,21.14,21.64,22.15,22.67
KAZ,Kazakhstan,Male,11.32,11.67,12.04,12.40,12.78,13.16,13.56,13.97,14.39,14.83,15.27,15.73,16.21,16.71,17.22,17.75,18.30,18.87
KEN,Kenya,Female,4.95,5.21,5.48,5.76,6.05,6.36,6.68,7.02,7.36,7.72,8.09,8.48,8.88,9.30,9.73,10.18,10.64,11.12
KEN,Kenya,Male,1.08,1.15,1.22,1.29,1.36,1.44,1.53,1.62,1.71,1.81,1.92,2.03,2.14,2.27,2.40,2.54,2.69,2.84
KGZ,Kyrgyzstan,Female,10.99,11.30,11.63,11.98,12.35,12.73,13.14,13.56,13.99,14.45,14.91,15.40,15.90,16.42,16.95,17.50,18.06,18.64
KGZ,Kyrgyzstan,Male,7.38,7.63,7.91,8.20,8.51,8.83,9.17,9.53,9.90,10.30,10.70,11.12,11.56,12.02,12.50,12.99,13.51,14.05
KHM,Cambodia,Female,1.86,1.98,2.10,2.23,2.36,2.50,2.64,2.79,2.95,3.12,3.29,3.48,3.67,3.88,4.09,4.32,4.57,4.82
KHM,Cambodia,Male,0.81,0.87,0.94,1.02,1.09,1.18,1.26,1.36,1.46,1.56,1.67,1.79,1.92,2.06,2.21,2.37,2.54,2.72
KIR,Kiribati,Female,39.60,40.49,41.33,42.12,42.87,43.58,44.25,44.88,45.47,46.05,46.61,47.15,47.69,48.23,48.76,49.30,49.83,50.36
KIR,Kiribati,Male,28.25,29.21,30.13,31.03,31.89,32.72,33.53,34.30,35.05,35.78,36.50,37.22,37.93,38.65,39.37,40.10,40.83,41.56
KNA,Saint Kitts and Nevis,Female,19.86,20.38,20.90,21.44,21.99,22.54,23.10,23.68,24.28,24.88,25.49,26.11,26.75,27.41,28.07,28.74,29.43,30.13
KNA,Saint Kitts and Nevis,Male,7.82,8.14,8.47,8.81,9.17,9.53,9.91,10.31,10.73,11.16,11.60,12.07,12.56,13.06,13.59,14.15,14.72,15.33
KWT,Kuwait,Female,39.16,39.50,39.85,40.20,40.56,40.92,41.28,41.64,42.02,42.40,42.78,43.17,43.57,43.96,44.36,44.77,45.17,45.58
KWT,Kuwait,Male,23.66,24.14,24.63,25.12,25.63,26.15,26.68,27.22,27.77,28.34,28.92,29.51,30.11,30.73,31.35,31.99,32.63,33.29
LAO,Lao People's Democratic Republic,Female,2.28,2.44,2.61,2.79,2.99,3.20,3.42,3.66,3.90,4.16,4.44,4.72,5.02,5.33,5.66,5.99,6.34,6.71
LAO,Lao People's Democratic Republic,Male,0.79,0.87,0.95,1.05,1.15,1.27,1.39,1.53,1.68,1.85,2.03,2.22,2.43,2.65,2.89,3.16,3.44,3.74
LBN,Lebanon,Female,29.71,30.12,30.53,30.94,31.34,31.75,32.16,32.56,32.98,33.40,33.83,34.27,34.71,35.16,35.62,36.08,36.54,37.01
LBN,Lebanon,Male,18.07,18.56,19.05,19.54,20.04,20.54,21.06,21.58,22.11,22.65,23.21,23.78,24.36,24.95,25.55,26.16,26.79,27.43
LBR,Liberia,Female,8.11,8.27,8.48,8.73,9.01,9.32,9.66,10.01,10.38,10.76,11.15,11.55,11.96,12.38,12.81,13.25,13.71,14.17
LBR,Liberia,Male,2.63,2.69,2.77,2.87,2.98,3.12,3.26,3.42,3.58,3.76,3.94,4.13,4.33,4.54,4.76,4.99,5.23,5.49
LBY,Libya,Female,31.40,31.82,32.25,32.69,33.14,33.59,34.05,34.51,34.99,35.48,35.98,36.48,36.99,37.51,38.04,38.57,39.11,39.64
LBY,Libya,Male,15.78,16.21,16.65,17.10,17.56,18.04,18.53,19.04,19.56,20.10,20.65,21.22,21.80,22.40,23.02,23.65,24.29,24.96
LCA,Saint Lucia,Female,18.16,18.67,19.16,19.63,20.09,20.54,20.97,21.41,21.85,22.30,22.75,23.22,23.75,24.32,24.93,25.58,26.27,26.99
LCA,Saint Lucia,Male,6.57,6.85,7.13,7.39,7.65,7.91,8.16,8.42,8.67,8.94,9.21,9.49,9.81,10.17,10.57,11.01,11.49,12.01
LKA,Sri Lanka,Female,3.08,3.25,3.41,3.59,3.78,3.98,4.19,4.40,4.63,4.87,5.12,5.38,5.66,5.95,6.25,6.57,6.91,7.26
LKA,Sri Lanka,Male,0.89,0.95,1.02,1.09,1.17,1.25,1.34,1.44,1.54,1.65,1.77,1.89,2.03,2.17,2.33,2.49,2.67,2.86
LSO,Lesotho,Female,15.76,16.35,16.95,17.55,18.17,18.79,19.42,20.06,20.70,21.35,22.01,22.66,23.32,23.99,24.65,25.32,25.99,26.66
LSO,Lesotho,Male,1.66,1.77,1.89,2.01,2.14,2.28,2.42,2.58,2.74,2.91,3.09,3.28,3.48,3.69,3.91,4.14,4.39,4.65
LTU,Lithuania,Female,24.93,25.05,25.18,25.32,25.46,25.60,25.75,25.91,26.08,26.25,26.43,26.62,26.81,27.00,27.19,27.39,27.59,27.79
LTU,Lithuania,Male,16.88,17.25,17.63,18.02,18.41,18.81,19.22,19.64,20.06,20.50,20.93,21.38,21.83,22.29,22.75,23.21,23.68,24.16
LUX,Luxembourg,Female,15.35,15.66,15.97,16.29,16.61,16.94,17.26,17.59,17.91,18.23,18.54,18.85,19.16,19.47,19.78,20.08,20.40,20.71
LUX,Luxembourg,Male,15.47,15.95,16.43,16.92,17.42,17.94,18.46,18.98,19.51,20.04,20.58,21.12,21.67,22.22,22.78,23.34,23.92,24.50
LVA,Latvia,Female,22.49,22.60,22.71,22.84,22.98,23.12,23.27,23.42,23.58,23.73,23.90,24.06,24.23,24.40,24.58,24.76,24.95,25.14
LVA,Latvia,Male,14.68,15.02,15.37,15.73,16.10,16.49,16.88,17.28,17.69,18.10,18.51,18.93,19.36,19.79,20.23,20.68,21.13,21.60
MAR,Morocco,Female,21.75,22.30,22.84,23.39,23.94,24.50,25.07,25.65,26.25,26.87,27.50,28.14,28.80,29.46,30.13,30.81,31.48,32.16
MAR,Morocco,Male,10.14,10.55,10.98,11.42,11.86,12.32,12.80,13.30,13.82,14.36,14.93,15.51,16.12,16.74,17.39,18.05,18.73,19.42
MDA,Republic of Moldova,Female,17.32,17.49,17.67,17.85,18.05,18.24,18.45,18.66,18.88,19.10,19.32,19.55,19.79,20.04,20.30,20.56,20.83,21.12
MDA,Republic of Moldova,Male,9.99,10.29,10.59,10.90,11.22,11.55,11.89,12.23,12.58,12.94,13.30,13.67,14.06,14.45,14.86,15.28,15.71,16.16
MDG,Madagascar,Female,3.23,3.39,3.56,3.74,3.93,4.12,4.33,4.55,4.79,5.04,5.30,5.58,5.87,6.17,6.49,6.82,7.17,7.53
MDG,Madagascar,Male,1.09,1.16,1.22,1.29,1.37,1.45,1.53,1.62,1.71,1.82,1.93,2.05,2.18,2.32,2.47,2.63,2.80,2.98
MDV,Maldives,Female,4.34,4.57,4.83,5.12,5.44,5.78,6.14,6.53,6.94,7.37,7.82,8.29,8.77,9.26,9.77,10.30,10.83,11.38
MDV,Maldives,Male,1.42,1.52,1.65,1.79,1.94,2.12,2.31,2.53,2.76,3.02,3.30,3.60,3.92,4.25,4.61,5.00,5.40,5.83
MEX,Mexico,Female,24.44,24.91,25.39,25.87,26.35,26.83,27.32,27.81,28.30,28.79,29.29,29.78,30.28,30.78,31.28,31.79,32.29,32.80
MEX,Mexico,Male,15.67,16.14,16.63,17.11,17.60,18.10,18.60,19.09,19.59,20.10,20.60,21.12,21.63,22.15,22.68,23.21,23.76,24.31
MHL,Marshall Islands,Female,49.55,50.06,50.57,51.06,51.55,52.03,52.51,52.98,53.44,53.90,54.35,54.79,55.23,55.66,56.09,56.52,56.94,57.35
MHL,Marshall Islands,Male,36.59,37.28,37.98,38.68,39.38,40.08,40.79,41.49,42.19,42.89,43.59,44.29,44.98,45.67,46.37,47.05,47.74,48.41
MKD,The former Yugoslav Republic of Macedonia,Female,18.20,18.38,18.56,18.74,18.92,19.11,19.30,19.50,19.71,19.94,20.17,20.41,20.66,20.92,21.20,21.48,21.77,22.08
MKD,The former Yugoslav Republic of Macedonia,Male,15.36,15.73,16.10,16.48,16.85,17.23,17.62,18.01,18.42,18.84,19.27,19.71,20.16,20.63,21.11,21.60,22.11,22.63
MLI,Mali,Female,5.43,5.72,6.03,6.36,6.70,7.06,7.43,7.82,8.22,8.63,9.06,9.49,9.94,10.40,10.87,11.35,11.85,12.36
MLI,Mali,Male,1.54,1.64,1.75,1.87,2.00,2.14,2.28,2.43,2.60,2.77,2.95,3.14,3.34,3.56,3.79,4.03,4.29,4.56
MLT,Malta,Female,24.55,24.83,25.11,25.38,25.64,25.90,26.15,26.40,26.63,26.86,27.08,27.30,27.52,27.73,27.93,28.13,28.34,28.54
MLT,Malta,Male,20.74,21.23,21.72,22.21,22.71,23.20,23.70,24.19,24.68,25.17,25.67,26.16,26.65,27.15,27.64,28.14,28.64,29.15
MMR,Myanmar,Female,2.89,3.05,3.23,3.41,3.60,3.81,4.02,4.25,4.49,4.74,5.01,5.29,5.58,5.89,6.21,6.55,6.90,7.27
MMR,Myanmar,Male,1.14,1.23,1.33,1.43,1.54,1.66,1.79,1.93,2.08,2.24,2.41,2.60,2.80,3.01,3.24,3.49,3.75,4.03
MNE,Montenegro,Female,17.17,17.60,18.02,18.44,18.85,19.25,19.65,20.02,20.38,20.71,21.03,21.35,21.65,21.95,22.25,22.55,22.84,23.15
MNE,Montenegro,Male,13.89,14.48,15.06,15.65,16.24,16.83,17.42,18.00,18.55,19.10,19.63,20.15,20.67,21.19,21.70,22.21,22.73,23.26
MNG,Mongolia,Female,14.05,14.37,14.74,15.16,15.61,16.10,16.62,17.16,17.73,18.31,18.91,19.53,20.14,20.76,21.38,22.00,22.62,23.23
MNG,Mongolia,Male,8.32,8.61,8.94,9.30,9.71,10.16,10.64,11.15,11.70,12.28,12.88,13.50,14.13,14.78,15.45,16.13,16.82,17.52
MOZ,Mozambique,Female,5.22,5.46,5.72,5.98,6.24,6.51,6.79,7.08,7.38,7.68,8.00,8.32,8.66,9.00,9.36,9.73,10.12,10.52
MOZ,Mozambique,Male,1.41,1.49,1.58,1.66,1.75,1.84,1.93,2.03,2.13,2.23,2.34,2.45,2.57,2.70,2.83,2.97,3.12,3.28
MRT,Mauritania,Female,9.80,10.26,10.73,11.20,11.69,12.19,12.69,13.20,13.71,14.23,14.75,15.27,15.80,16.32,16.86,17.39,17.93,18.47
MRT,Mauritania,Male,2.64,2.81,2.98,3.17,3.36,3.56,3.77,3.98,4.21,4.44,4.68,4.93,5.18,5.45,5.73,6.02,6.32,6.63
MUS,Mauritius,Female,9.82,10.10,10.39,10.69,10.99,11.30,11.61,11.93,12.26,12.59,12.94,13.29,13.66,14.04,14.43,14.83,15.24,15.67
MUS,Mauritius,Male,3.15,3.27,3.39,3.51,3.63,3.75,3.88,4.01,4.14,4.28,4.42,4.56,4.71,4.87,5.04,5.21,5.40,5.59
MWI,Malawi,Female,4.03,4.25,4.48,4.71,4.95,5.21,5.47,5.74,6.02,6.31,6.61,6.93,7.26,7.60,7.96,8.34,8.73,9.14
MWI,Malawi,Male,0.89,0.95,1.00,1.06,1.12,1.18,1.25,1.31,1.38,1.46,1.53,1.61,1.70,1.79,1.88,1.98,2.09,2.21
MYS,Malaysia,Female,8.85,9.33,9.82,10.32,10.83,11.34,11.85,12.38,12.90,13.43,13.97,14.52,15.07,15.63,16.20,16.77,17.35,17.94
MYS,Malaysia,Male,4.42,4.78,5.17,5.57,5.98,6.42,6.87,7.34,7.82,8.32,8.84,9.38,9.94,10.51,11.11,11.72,12.35,12.99
NAM,Namibia,Female,14.80,15.31,15.84,16.39,16.96,17.55,18.15,18.76,19.40,20.04,20.70,21.36,22.03,22.70,23.38,24.05,24.73,25.41
NAM,Namibia,Male,2.64,2.80,2.97,3.16,3.36,3.57,3.80,4.05,4.31,4.59,4.89,5.21,5.54,5.90,6.27,6.66,7.08,7.52
NER,Niger,Female,3.85,4.04,4.25,4.46,4.69,4.93,5.17,5.43,5.70,5.98,6.27,6.57,6.89,7.22,7.57,7.93,8.31,8.70
NER,Niger,Male,0.95,1.00,1.06,1.12,1.18,1.25,1.32,1.40,1.48,1.56,1.65,1.75,1.85,1.96,2.07,2.20,2.33,2.47
NGA,Nigeria,Female,5.86,6.16,6.48,6.82,7.18,7.55,7.94,8.35,8.77,9.20,9.64,10.10,10.57,11.04,11.53,12.03,12.55,13.07
NGA,Nigeria,Male,1.61,1.72,1.83,1.94,2.07,2.21,2.35,2.50,2.67,2.84,3.02,3.21,3.41,3.63,3.85,4.09,4.35,4.62
NIC,Nicaragua,Female,19.81,20.31,20.81,21.32,21.83,22.35,22.87,23.39,23.92,24.46,25.00,25.55,26.10,26.66,27.23,27.80,28.38,28.97
NIC,Nicaragua,Male,10.14,10.52,10.91,11.31,11.72,12.13,12.56,12.99,13.43,13.88,14.34,14.82,15.30,15.80,16.31,16.84,17.38,17.93
NLD,Netherlands,Female,13.51,13.90,14.31,14.71,15.13,15.55,15.97,16.38,16.78,17.18,17.56,17.94,18.30,18.65,18.99,19.33,19.66,19.98
NLD,Netherlands,Male,11.48,11.95,12.45,12.96,13.49,14.03,14.59,15.15,15.71,16.27,16.84,17.41,17.97,18.53,19.09,19.65,20.22,20.78
NOR,Norway,Female,16.37,16.75,17.14,17.52,17.89,18.26,18.63,18.99,19.35,19.70,20.06,20.41,20.76,21.11,21.47,21.82,22.18,22.54
NOR,Norway,Male,14.53,15.04,15.55,16.06,16.57,17.09,17.61,18.12,18.64,19.17,19.69,20.23,20.77,21.32,21.88,22.45,23.02,23.61
NPL,Nepal,Female,2.04,2.18,2.32,2.47,2.62,2.79,2.95,3.13,3.31,3.51,3.71,3.91,4.13,4.36,4.60,4.85,5.11,5.38
NPL,Nepal,Male,0.86,0.92,0.99,1.07,1.15,1.23,1.32,1.41,1.51,1.61,1.72,1.83,1.95,2.08,2.22,2.36,2.51,2.68
NRU,Nauru,Female,59.01,59.28,59.55,59.82,60.09,60.35,60.61,60.87,61.13,61.39,61.65,61.90,62.14,62.39,62.63,62.87,63.11,63.34
NRU,Nauru,Male,50.32,50.83,51.34,51.85,52.36,52.87,53.37,53.88,54.38,54.88,55.38,55.87,56.35,56.84,57.31,57.78,58.24,58.70
NZL,New Zealand,Female,22.22,22.75,23.28,23.82,24.36,24.90,25.44,25.98,26.52,27.05,27.59,28.14,28.68,29.22,29.77,30.32,30.88,31.44
NZL,New Zealand,Male,19.66,20.24,20.82,21.40,22.00,22.59,23.20,23.80,24.40,25.01,25.62,26.24,26.86,27.48,28.12,28.76,29.41,30.08
OMN,Oman,Female,24.25,24.73,25.20,25.66,26.12,26.58,27.06,27.56,28.10,28.67,29.26,29.88,30.50,31.14,31.78,32.43,33.07,33.72
OMN,Oman,Male,12.87,13.32,13.77,14.22,14.68,15.15,15.64,16.16,16.72,17.31,17.93,18.58,19.26,19.96,20.67,21.41,22.16,22.93
PAK,Pakistan,Female,5.32,5.57,5.84,6.11,6.40,6.70,7.00,7.32,7.66,8.00,8.36,8.73,9.12,9.52,9.93,10.36,10.80,11.25
PAK,Pakistan,Male,2.27,2.41,2.55,2.71,2.87,3.04,3.22,3.41,3.61,3.82,4.05,4.28,4.53,4.80,5.07,5.37,5.68,6.01
PAN,Panama,Female,18.56,19.14,19.70,20.25,20.79,21.31,21.83,22.35,22.86,23.37,23.87,24.39,24.91,25.43,25.97,26.51,27.06,27.61
PAN,Panama,Male,9.81,10.27,10.74,11.19,11.64,12.09,12.54,12.98,13.42,13.87,14.32,14.78,15.26,15.74,16.23,16.74,17.27,17.81
PER,Peru,Female,17.29,17.66,18.04,18.42,18.80,19.19,19.58,19.98,20.38,20.78,21.19,21.61,22.02,22.45,22.87,23.30,23.74,24.18
PER,Peru,Male,8.97,9.28,9.60,9.93,10.26,10.60,10.94,11.29,11.65,12.01,12.38,12.76,13.14,13.53,13.93,14.34,14.75,15.17
PHL,Philippines,Female,4.04,4.19,4.35,4.52,4.68,4.85,5.03,5.21,5.40,5.59,5.80,6.01,6.23,6.46,6.70,6.96,7.23,7.51
PHL,Philippines,Male,2.17,2.30,2.42,2.56,2.69,2.84,2.99,3.14,3.31,3.48,3.66,3.85,4.05,4.26,4.48,4.72,4.97,5.24
PLW,Palau,Female,50.24,50.61,51.05,51.54,52.07,52.63,53.22,53.81,54.41,54.99,55.57,56.12,56.64,57.12,57.58,58.02,58.45,58.84
PLW,Palau,Male,38.73,39.30,39.94,40.65,41.41,42.23,43.09,43.95,44.83,45.70,46.55,47.40,48.20,48.97,49.71,50.42,51.11,51.77
PNG,Papua New Guinea,Female,16.58,17.03,17.50,17.98,18.47,18.97,19.49,20.01,20.55,21.09,21.64,22.21,22.78,23.36,23.94,24.54,25.15,25.77
PNG,Papua New Guinea,Male,9.10,9.42,9.76,10.11,10.47,10.86,11.25,11.66,12.08,12.52,12.98,13.45,13.93,14.43,14.95,15.49,16.04,16.62
POL,Poland,Female,18.44,18.62,18.81,19.00,19.19,19.40,19.60,19.82,20.04,20.26,20.48,20.71,20.94,21.18,21.43,21.68,21.94,22.20
POL,Poland,Male,15.60,16.01,16.44,16.87,17.31,17.76,18.22,18.69,19.16,19.64,20.12,20.61,21.11,21.61,22.12,22.63,23.16,23.70
PRK,Democratic People's Republic of Korea,Female,4.70,4.82,4.95,5.07,5.20,5.34,5.47,5.61,5.76,5.91,6.06,6.21,6.37,6.54,6.71,6.89,7.07,7.26
PRK,Democratic People's Republic of Korea,Male,2.85,2.99,3.13,3.27,3.42,3.58,3.75,3.92,4.09,4.28,4.47,4.67,4.88,5.10,5.33,5.57,5.82,6.09
PRT,Portugal,Female,14.74,15.14,15.55,15.95,16.35,16.75,17.14,17.52,17.91,18.29,18.66,19.04,19.41,19.77,20.14,20.50,20.87,21.23
PRT,Portugal,Male,11.53,12.00,12.47,12.96,13.44,13.93,14.43,14.94,15.44,15.96,16.48,17.01,17.54,18.08,18.63,19.18,19.75,20.33
PRY,Paraguay,Female,14.57,15.08,15.59,16.10,16.61,17.13,17.65,18.16,18.67,19.19,19.70,20.21,20.73,21.26,21.79,22.33,22.88,23.43
PRY,Paraguay,Male,9.18,9.60,10.03,10.47,10.90,11.35,11.80,12.26,12.71,13.17,13.63,14.10,14.58,15.07,15.57,16.08,16.61,17.15
PSE,State of Palestine,Female,29.87,30.39,30.91,31.42,31.92,32.43,32.93,33.43,33.94,34.45,34.97,35.50,36.03,36.57,37.11,37.65,38.20,38.75
PSE,State of Palestine,Male,16.29,16.81,17.33,17.85,18.38,18.91,19.46,20.01,20.57,21.14,21.73,22.33,22.95,23.57,24.22,24.88,25.55,26.23
QAT,Qatar,Female,35.53,35.96,36.39,36.81,37.24,37.66,38.09,38.53,38.97,39.42,39.88,40.34,40.80,41.27,41.73,42.18,42.64,43.09
QAT,Qatar,Male,21.74,22.29,22.85,23.42,23.99,24.57,25.16,25.77,26.39,27.02,27.68,28.35,29.02,29.69,30.38,31.06,31.76,32.46
ROU,Romania,Female,16.97,17.16,17.37,17.58,17.80,18.03,18.27,18.53,18.80,19.08,19.37,19.66,19.97,20.28,20.61,20.94,21.27,21.62
ROU,Romania,Male,14.61,15.00,15.41,15.83,16.27,16.72,17.19,17.68,18.18,18.70,19.24,19.78,20.35,20.92,21.51,22.11,22.73,23.36
RUS,Russian Federation,Female,24.52,24.62,24.74,24.85,24.98,25.11,25.24,25.38,25.52,25.66,25.81,25.96,26.11,26.26,26.42,26.58,26.75,26.92
RUS,Russian Federation,Male,11.68,11.99,12.31,12.64,12.98,13.33,13.69,14.05,14.43,14.81,15.19,15.59,15.99,16.39,16.80,17.22,17.65,18.08
RWA,Rwanda,Female,3.52,3.77,4.02,4.28,4.56,4.85,5.15,5.46,5.78,6.12,6.47,6.83,7.21,7.60,8.01,8.43,8.86,9.31
RWA,Rwanda,Male,0.57,0.62,0.67,0.72,0.78,0.84,0.90,0.96,1.04,1.11,1.19,1.27,1.36,1.46,1.56,1.67,1.79,1.91
SAU,Saudi Arabia,Female,33.55,34.04,34.53,35.03,35.52,36.02,36.51,37.01,37.52,38.03,38.55,39.08,39.61,40.14,40.67,41.20,41.74,42.27
SAU,Saudi Arabia,Male,19.57,20.13,20.70,21.28,21.87,22.47,23.08,23.71,24.35,25.02,25.69,26.38,27.09,27.80,28.53,29.27,30.02,30.78
SDN,Sudan,Female,6.67,6.95,7.23,7.51,7.79,8.09,8.39,8.70,9.02,9.35,9.68,10.03,10.39,10.76,11.15,11.54,11.95,12.38
SDN,Sudan,Male,1.76,1.85,1.94,2.04,2.13,2.23,2.33,2.44,2.54,2.66,2.77,2.89,3.02,3.16,3.30,3.45,3.61,3.78
SEN,Senegal,Female,6.93,7.21,7.49,7.78,8.09,8.40,8.72,9.05,9.39,9.74,10.09,10.46,10.84,11.23,11.63,12.04,12.47,12.92
SEN,Senegal,Male,1.76,1.85,1.95,2.04,2.14,2.25,2.36,2.47,2.59,2.71,2.84,2.97,3.12,3.27,3.43,3.60,3.78,3.97
SGP,Singapore,Female,5.28,5.33,5.38,5.44,5.49,5.54,5.60,5.66,5.72,5.78,5.84,5.91,5.97,6.04,6.11,6.18,6.26,6.34
SGP,Singapore,Male,3.33,3.44,3.56,3.68,3.80,3.92,4.06,4.19,4.33,4.48,4.62,4.78,4.94,5.11,5.28,5.46,5.64,5.84
SLB,Solomon Islands,Female,17.14,17.66,18.19,18.73,19.28,19.84,20.41,20.99,21.57,22.16,22.76,23.36,23.97,24.59,25.21,25.83,26.46,27.09
SLB,Solomon Islands,Male,9.04,9.42,9.82,10.24,10.67,11.12,11.58,12.07,12.57,13.09,13.63,14.18,14.76,15.35,15.97,16.60,17.25,17.92
SLE,Sierra Leone,Female,6.80,7.09,7.40,7.72,8.05,8.39,8.74,9.10,9.47,9.84,10.23,10.63,11.04,11.46,11.90,12.35,12.81,13.29
SLE,Sierra Leone,Male,1.56,1.65,1.74,1.84,1.94,2.05,2.16,2.27,2.39,2.52,2.65,2.79,2.93,3.08,3.25,3.42,3.61,3.81
SLV,El Salvador,Female,19.05,19.67,20.29,20.89,21.48,22.07,22.64,23.22,23.79,24.35,24.92,25.49,26.06,26.63,27.21,27.78,28.36,28.95
SLV,El Salvador,Male,10.06,10.56,11.06,11.56,12.06,12.56,13.05,13.55,14.05,14.55,15.06,15.58,16.10,16.64,17.19,17.74,18.31,18.90
SOM,Somalia,Female,6.09,6.36,6.64,6.94,7.24,7.56,7.89,8.23,8.58,8.94,9.31,9.70,10.09,10.50,10.93,11.36,11.81,12.27
SOM,Somalia,Male,1.62,1.71,1.80,1.90,2.00,2.11,2.23,2.35,2.47,2.60,2.74,2.88,3.04,3.20,3.37,3.55,3.74,3.94
SRB,Serbia,Female,16.84,17.11,17.38,17.66,17.94,18.23,18.52,18.82,19.11,19.41,19.71,20.00,20.30,20.60,20.91,21.21,21.52,21.84
SRB,Serbia,Male,13.24,13.66,14.08,14.51,14.95,15.40,15.85,16.31,16.77,17.24,17.70,18.17,18.64,19.12,19.59,20.07,20.56,21.06
STP,Sao Tome and Principe,Female,8.70,9.14,9.58,10.04,10.50,10.97,11.45,11.94,12.42,12.91,13.40,13.90,14.39,14.89,15.39,15.89,16.40,16.91
STP,Sao Tome and Principe,Male,2.75,2.94,3.13,3.34,3.56,3.79,4.02,4.27,4.52,4.78,5.05,5.33,5.61,5.91,6.21,6.53,6.86,7.20
SUR,Suriname,Female,25.43,25.90,26.38,26.86,27.34,27.82,28.31,28.80,29.28,29.75,30.23,30.71,31.19,31.68,32.17,32.66,33.16,33.67
SUR,Suriname,Male,11.29,11.68,12.08,12.48,12.90,13.32,13.75,14.18,14.62,15.06,15.51,15.96,16.42,16.90,17.38,17.88,18.39,18.92
SVK,Slovakia,Female,16.16,16.34,16.52,16.71,16.90,17.10,17.31,17.52,17.74,17.96,18.19,18.42,18.65,18.90,19.14,19.40,19.66,19.93
SVK,Slovakia,Male,14.01,14.37,14.73,15.10,15.48,15.86,16.25,16.65,17.05,17.46,17.87,18.29,18.72,19.15,19.59,20.03,20.49,20.95
SVN,Slovenia,Female,16.72,16.94,17.17,17.39,17.62,17.85,18.09,18.33,18.58,18.82,19.07,19.33,19.59,19.86,20.13,20.41,20.70,21.00
SVN,Slovenia,Male,12.65,13.00,13.36,13.73,14.10,14.47,14.85,15.23,15.62,16.01,16.41,16.81,17.22,17.63,18.05,18.49,18.93,19.38
SWE,Sweden,Female,13.60,13.85,14.11,14.36,14.62,14.87,15.12,15.38,15.63,15.89,16.15,16.41,16.68,16.94,17.21,17.49,17.77,18.05
SWE,Sweden,Male,14.76,15.20,15.64,16.09,16.55,17.00,17.46,17.93,18.41,18.89,19.38,19.88,20.38,20.90,21.42,21.96,22.51,23.06
SWZ,Eswatini,Female,17.15,17.62,18.09,18.57,19.06,19.55,20.05,20.56,21.08,21.60,22.14,22.69,23.24,23.81,24.39,24.97,25.57,26.17
SWZ,Eswatini,Male,2.45,2.57,2.70,2.83,2.96,3.10,3.24,3.39,3.55,3.71,3.88,4.07,4.26,4.46,4.67,4.90,5.14,5.40
SYC,Seychelles,Female,12.66,13.04,13.42,13.82,14.23,14.66,15.09,15.53,15.99,16.45,16.92,17.41,17.90,18.41,18.92,19.45,19.98,20.53
SYC,Seychelles,Male,3.82,3.97,4.13,4.30,4.48,4.66,4.85,5.05,5.26,5.47,5.69,5.92,6.17,6.42,6.69,6.97,7.27,7.58
SYR,Syrian Arab Republic,Female,24.24,24.80,25.37,25.95,26.53,27.13,27.73,28.33,28.94,29.57,30.20,30.83,31.48,32.13,32.78,33.44,34.10,34.76
SYR,Syrian Arab Republic,Male,11.22,11.65,12.10,12.57,13.05,13.55,14.06,14.59,15.14,15.71,16.29,16.89,17.51,18.14,18.80,19.47,20.16,20.86
TCD,Chad,Female,4.21,4.41,4.62,4.84,5.07,5.30,5.55,5.80,6.06,6.34,6.62,6.91,7.21,7.52,7.85,8.19,8.55,8.92
TCD,Chad,Male,1.28,1.35,1.42,1.50,1.58,1.67,1.75,1.85,1.94,2.04,2.15,2.26,2.38,2.50,2.63,2.78,2.93,3.09
TGO,Togo,Female,5.99,6.28,6.59,6.91,7.24,7.58,7.93,8.29,8.66,9.05,9.44,9.84,10.25,10.67,11.11,11.56,12.02,12.49
TGO,Togo,Male,1.50,1.59,1.69,1.79,1.89,2.01,2.12,2.25,2.37,2.51,2.64,2.79,2.94,3.11,3.28,3.46,3.65,3.86
THA,Thailand,Female,5.08,5.32,5.60,5.91,6.25,6.61,7.00,7.42,7.86,8.33,8.82,9.33,9.86,10.40,10.95,11.53,12.12,12.72
THA,Thailand,Male,1.84,1.96,2.11,2.27,2.45,2.66,2.89,3.14,3.41,3.71,4.04,4.39,4.76,5.15,5.57,6.02,6.49,6.98
TJK,Tajikistan,Female,9.48,9.73,10.01,10.31,10.64,10.98,11.35,11.75,12.16,12.59,13.04,13.50,13.99,14.49,15.01,15.54,16.09,16.65
TJK,Tajikistan,Male,5.96,6.15,6.35,6.58,6.82,7.08,7.36,7.65,7.97,8.30,8.65,9.02,9.40,9.80,10.21,10.65,11.10,11.57
TKM,Turkmenistan,Female,12.59,12.97,13.36,13.77,14.20,14.64,15.09,15.55,16.03,16.52,17.03,17.55,18.08,18.63,19.19,19.76,20.34,20.94
TKM,Turkmenistan,Male,8.32,8.64,8.98,9.33,9.69,10.07,10.46,10.87,11.30,11.74,12.20,12.67,13.16,13.67,14.19,14.73,15.29,15.87
TLS,Timor-Leste,Female,1.84,1.95,2.07,2.19,2.32,2.46,2.61,2.76,2.93,3.10,3.29,3.48,3.69,3.91,4.14,4.38,4.64,4.91
TLS,Timor-Leste,Male,0.71,0.77,0.83,0.90,0.97,1.05,1.13,1.22,1.32,1.42,1.54,1.66,1.79,1.94,2.10,2.26,2.45,2.64
TON,Tonga,Female,43.98,44.65,45.31,45.97,46.62,47.26,47.90,48.53,49.15,49.77,50.39,51.00,51.60,52.19,52.78,53.36,53.94,54.51
TON,Tonga,Male,28.24,28.97,29.70,30.45,31.20,31.96,32.72,33.49,34.27,35.05,35.83,36.62,37.41,38.20,39.00,39.80,40.60,41.41
TTO,Trinidad and Tobago,Female,14.85,15.47,16.09,16.70,17.32,17.93,18.55,19.17,19.80,20.44,21.09,21.75,22.43,23.12,23.82,24.54,25.27,26.02
TTO,Trinidad and Tobago,Male,5.13,5.41,5.69,5.98,6.26,6.55,6.84,7.14,7.45,7.77,8.09,8.43,8.78,9.15,9.53,9.94,10.36,10.80
TUN,Tunisia,Female,24.86,25.41,25.95,26.50,27.04,27.59,28.13,28.68,29.22,29.77,30.32,30.87,31.43,31.99,32.56,33.13,33.70,34.28
TUN,Tunisia,Male,10.38,10.81,11.24,11.68,12.13,12.59,13.06,13.55,14.04,14.55,15.07,15.60,16.15,16.70,17.28,17.87,18.48,19.10
TUR,Turkey,Female,28.63,29.22,29.82,30.42,31.02,31.63,32.25,32.87,33.49,34.12,34.76,35.39,36.03,36.67,37.30,37.94,38.57,39.20
TUR,Turkey,Male,13.87,14.37,14.89,15.42,15.97,16.53,17.11,17.70,18.31,18.93,19.57,20.22,20.88,21.55,22.24,22.93,23.65,24.37
TUV,Tuvalu,Female,45.15,45.82,46.49,47.16,47.83,48.50,49.16,49.83,50.50,51.18,51.85,52.51,53.16,53.79,54.42,55.03,55.63,56.21
TUV,Tuvalu,Male,32.07,32.88,33.71,34.55,35.40,36.25,37.12,38.01,38.91,39.82,40.74,41.66,42.58,43.49,44.39,45.29,46.17,47.04
TZA,United Republic of Tanzania,Female,5.59,5.88,6.17,6.49,6.82,7.16,7.53,7.90,8.30,8.72,9.15,9.60,10.07,10.55,11.05,11.57,12.11,12.66
TZA,United Republic of Tanzania,Male,1.46,1.55,1.64,1.74,1.84,1.95,2.07,2.20,2.33,2.47,2.62,2.78,2.95,3.13,3.32,3.53,3.75,3.98
UGA,Uganda,Female,3.76,3.95,4.15,4.36,4.58,4.81,5.05,5.30,5.57,5.85,6.14,6.45,6.78,7.11,7.47,7.83,8.21,8.61
UGA,Uganda,Male,0.71,0.75,0.79,0.84,0.88,0.93,0.98,1.04,1.09,1.16,1.22,1.29,1.37,1.45,1.54,1.63,1.73,1.84
UKR,Ukraine,Female,22.34,22.49,22.65,22.81,22.99,23.17,23.36,23.55,23.75,23.95,24.16,24.36,24.57,24.79,25.01,25.23,25.46,25.69
UKR,Ukraine,Male,14.43,14.80,15.17,15.56,15.96,16.37,16.79,17.22,17.66,18.10,18.56,19.02,19.49,19.97,20.46,20.96,21.46,21.98
URY,Uruguay,Female,23.31,23.72,24.14,24.56,24.98,25.40,25.82,26.24,26.67,27.10,27.53,27.96,28.39,28.83,29.26,29.70,30.15,30.59
URY,Uruguay,Male,16.49,16.94,17.40,17.86,18.33,18.80,19.28,19.76,20.25,20.74,21.24,21.75,22.26,22.77,23.30,23.83,24.37,24.92
USA,United States of America,Female,26.20,26.90,27.60,28.28,28.94,29.60,30.24,30.87,31.50,32.11,32.72,33.33,33.94,34.54,35.15,35.75,36.35,36.96
USA,United States of America,Male,23.26,24.02,24.78,25.52,26.26,26.98,27.70,28.41,29.12,29.82,30.52,31.22,31.92,32.62,33.32,34.03,34.74,35.46
UZB,Uzbekistan,Female,11.32,11.63,11.97,12.32,12.68,13.07,13.47,13.88,14.31,14.77,15.23,15.72,16.22,16.74,17.29,17.85,18.42,19.02
UZB,Uzbekistan,Male,7.37,7.62,7.89,8.17,8.47,8.78,9.10,9.44,9.80,10.17,10.55,10.96,11.38,11.82,12.29,12.77,13.28,13.81
VCT,Saint Vincent and the Grenadines,Female,20.20,20.80,21.41,22.02,22.63,23.25,23.88,24.51,25.14,25.78,26.42,27.07,27.72,28.38,29.04,29.70,30.37,31.03
VCT,Saint Vincent and the Grenadines,Male,8.03,8.42,8.82,9.23,9.65,10.09,10.54,11.01,11.49,11.98,12.49,13.02,13.56,14.12,14.70,15.30,15.92,16.56
VEN,Venezuela (Bolivarian Republic of),Female,22.69,23.07,23.45,23.82,24.17,24.53,24.87,25.22,25.55,25.89,26.22,26.56,26.89,27.23,27.58,27.93,28.28,28.64
VEN,Venezuela (Bolivarian Republic of),Male,15.24,15.69,16.13,16.56,16.99,17.41,17.84,18.25,18.66,19.06,19.47,19.87,20.28,20.70,21.12,21.54,21.98,22.42
VNM,Viet Nam,Female,0.83,0.88,0.94,1.01,1.08,1.16,1.24,1.33,1.42,1.52,1.63,1.74,1.86,1.99,2.12,2.27,2.42,2.58
VNM,Viet Nam,Male,0.34,0.37,0.40,0.44,0.48,0.53,0.58,0.64,0.70,0.77,0.84,0.92,1.01,1.11,1.22,1.33,1.46,1.59
VUT,Vanuatu,Female,19.67,20.25,20.84,21.43,22.02,22.62,23.22,23.82,24.43,25.04,25.66,26.28,26.90,27.52,28.15,28.78,29.42,30.06
VUT,Vanuatu,Male,10.90,11.34,11.79,12.25,12.73,13.21,13.71,14.23,14.76,15.30,15.85,16.43,17.01,17.62,18.24,18.88,19.53,20.21
WSM,Samoa,Female,44.75,45.46,46.14,46.81,47.46,48.10,48.72,49.33,49.93,50.52,51.10,51.67,52.24,52.80,53.36,53.91,54.46,55.00
WSM,Samoa,Male,27.56,28.32,29.06,29.80,30.53,31.25,31.98,32.69,33.41,34.12,34.83,35.55,36.27,36.99,37.72,38.46,39.19,39.94
YEM,Yemen,Female,12.02,12.50,12.99,13.49,14.00,14.52,15.06,15.61,16.18,16.77,17.37,18.00,18.63,19.28,19.95,20.63,21.31,22.01
YEM,Yemen,Male,4.87,5.15,5.43,5.74,6.05,6.38,6.73,7.09,7.48,7.89,8.32,8.77,9.24,9.74,10.25,10.80,11.37,11.96
ZAF,South Africa,Female,29.62,30.22,30.82,31.42,32.02,32.62,33.22,33.82,34.42,35.02,35.60,36.19,36.77,37.34,37.90,38.47,39.02,39.57
ZAF,South Africa,Male,7.23,7.58,7.96,8.34,8.74,9.16,9.60,10.04,10.51,10.99,11.48,11.99,12.51,13.04,13.59,14.16,14.75,15.35
ZMB,Zambia,Female,6.54,6.72,6.93,7.17,7.43,7.71,8.01,8.34,8.68,9.05,9.42,9.82,10.22,10.64,11.06,11.51,11.96,12.43
ZMB,Zambia,Male,1.58,1.63,1.69,1.75,1.83,1.91,2.00,2.10,2.21,2.33,2.45,2.59,2.73,2.88,3.03,3.20,3.38,3.56
ZWE,Zimbabwe,Female,17.51,18.02,18.51,18.99,19.47,19.94,20.40,20.85,21.30,21.74,22.17,22.60,23.03,23.47,23.91,24.35,24.80,25.26
ZWE,Zimbabwe,Male,2.26,2.39,2.52,2.65,2.78,2.92,3.05,3.19,3.33,3.46,3.60,3.74,3.89,4.04,4.20,4.36,4.53,4.72